algorithm,distribution,seed,inputSize,run,durationMs,success
Selection Sort,Reversed,42,1000,1,1.0592,true
Selection Sort,Reversed,42,1000,2,0.873,true
Selection Sort,Reversed,42,1000,3,0.8221,true
Selection Sort,Reversed,42,1000,4,0.823,true
Selection Sort,Reversed,42,1000,5,1.6033,true
Selection Sort,Reversed,42,10000,1,87.3198,true
Selection Sort,Reversed,42,10000,2,87.7731,true
Selection Sort,Reversed,42,10000,3,87.9026,true
Selection Sort,Reversed,42,10000,4,88.7046,true
Selection Sort,Reversed,42,10000,5,85.7018,true
Selection Sort,Reversed,42,25000,1,540.4141,true
Selection Sort,Reversed,42,25000,2,537.0554,true
Selection Sort,Reversed,42,25000,3,537.31,true
Selection Sort,Reversed,42,25000,4,538.8723,true
Selection Sort,Reversed,42,25000,5,538.8875,true
Selection Sort,Reversed,42,50000,1,2177.5766,true
Selection Sort,Reversed,42,50000,2,2163.7998,true
Selection Sort,Reversed,42,50000,3,2183.1306,true
Selection Sort,Reversed,42,50000,4,2197.8606,true
Selection Sort,Reversed,42,50000,5,2205.3506,true
Selection Sort,Reversed,42,75000,1,4833.908,true
Selection Sort,Reversed,42,75000,2,4832.5512,true
Selection Sort,Reversed,42,75000,3,4833.0351,true
Selection Sort,Reversed,42,75000,4,4831.7176,true
Selection Sort,Reversed,42,75000,5,4829.4721,true
Selection Sort,Reversed,42,100000,1,8616.4172,true
Selection Sort,Reversed,42,100000,2,8585.4671,true
Selection Sort,Reversed,42,100000,3,8631.1412,true
Selection Sort,Reversed,42,100000,4,8605.9978,true
Selection Sort,Reversed,42,100000,5,8624.2093,true
